{"position": {"y": -1.0686939787199705, "x": 4.463257675563381, "z": 0.1205}, "orientation": {"y": 0.0, "x": 0.0, "z": -0.7137435111567522, "w": 0.7004071674973288}}
